{
	"info": {
		"_postman_id": "bc98bb51-bb58-4e1e-a91c-0b167b10b0ad",
		"name": "ElasticSearch",
		"schema": "https://schema.getpostman.com/json/collection/v2.1.0/collection.json",
		"_exporter_id": "142563"
	},
	"item": [
		{
			"name": "create document",
			"request": {
				"auth": {
					"type": "basic",
					"basic": [
						{
							"key": "password",
							"value": "S4GPey48DxCa401VX2uWL246",
							"type": "string"
						},
						{
							"key": "username",
							"value": "elastic",
							"type": "string"
						}
					]
				},
				"method": "POST",
				"header": [],
				"body": {
					"mode": "raw",
					"raw": "{\r\n    \"title\" : \" In Search of Lost Time\",\r\n    \"ratings\" : 5\r\n}",
					"options": {
						"raw": {
							"language": "json"
						}
					}
				},
				"url": {
					"raw": "https://emdmelasticsearch-uat.dc02.its.hpecorp.net/books/_doc/101",
					"protocol": "https",
					"host": [
						"emdmelasticsearch-uat",
						"dc02",
						"its",
						"hpecorp",
						"net"
					],
					"path": [
						"books",
						"_doc",
						"101"
					]
				}
			},
			"response": []
		},
		{
			"name": "get document",
			"request": {
				"auth": {
					"type": "basic",
					"basic": [
						{
							"key": "password",
							"value": "S4GPey48DxCa401VX2uWL246",
							"type": "string"
						},
						{
							"key": "username",
							"value": "elastic",
							"type": "string"
						}
					]
				},
				"method": "GET",
				"header": [],
				"url": {
					"raw": "https://emdmelasticsearch-uat.dc02.its.hpecorp.net/books/_doc/101",
					"protocol": "https",
					"host": [
						"emdmelasticsearch-uat",
						"dc02",
						"its",
						"hpecorp",
						"net"
					],
					"path": [
						"books",
						"_doc",
						"101"
					]
				}
			},
			"response": []
		},
		{
			"name": "status check",
			"request": {
				"auth": {
					"type": "basic",
					"basic": [
						{
							"key": "password",
							"value": "S4GPey48DxCa401VX2uWL246",
							"type": "string"
						},
						{
							"key": "username",
							"value": "elastic",
							"type": "string"
						}
					]
				},
				"method": "GET",
				"header": [],
				"url": {
					"raw": "https://emdmelasticsearch-uat.dc02.its.hpecorp.net/_cluster/health?pretty",
					"protocol": "https",
					"host": [
						"emdmelasticsearch-uat",
						"dc02",
						"its",
						"hpecorp",
						"net"
					],
					"path": [
						"_cluster",
						"health"
					],
					"query": [
						{
							"key": "pretty",
							"value": null
						}
					]
				}
			},
			"response": []
		}
	]
}